,symbols
0,2S.BK
1,3K-BAT.BK
2,7UP.BK
3,A.BK
4,A5.BK
5,AAV.BK
6,ABICO.BK
7,ABM.BK
8,ABPIF.BK
9,ACAP.BK
10,ACC.BK
11,ACE.BK
12,ACG.BK
13,ADB.BK
14,ADD.BK
15,ADVANC.BK
16,AEONTS.BK
17,AF.BK
18,AFC.BK
19,AGE.BK
20,AH.BK
21,AHC.BK
22,AI.BK
23,AIE.BK
24,AIMCG.BK
25,AIMIRT.BK
26,AIRA.BK
27,AIT.BK
28,AJ.BK
29,AJA.BK
30,AKP.BK
31,AKR.BK
32,ALL.BK
33,ALLA.BK
34,ALLY.BK
35,ALT.BK
36,ALUCON.BK
37,AMA.BK
38,AMANAH.BK
39,AMARIN.BK
40,AMATA.BK
41,AMATAR.BK
42,AMATAV.BK
43,AMC.BK
44,AMR.BK
45,ANAN.BK
46,AOT.BK
47,AP.BK
48,APCO.BK
49,APCS.BK
50,APEX.BK
51,APP.BK
52,APURE.BK
53,AQ.BK
54,AQUA.BK
55,ARIN.BK
56,ARIP.BK
57,ARROW.BK
58,AS.BK
59,ASAP.BK
60,ASEFA.BK
61,ASIA.BK
62,ASIAN.BK
63,ASIMAR.BK
64,ASK.BK
65,ASN.BK
66,ASP.BK
67,ASW.BK
68,ATP30.BK
69,AU.BK
70,AUCT.BK
71,AWC.BK
72,AYUD.BK
73,B.BK
74,B-WORK.BK
75,B52.BK
76,BA.BK
77,BAFS.BK
78,BAM.BK
79,BANPU.BK
80,BAY.BK
81,BBIK.BK
82,BBL.BK
83,BC.BK
84,BCH.BK
85,BCP.BK
86,BCPG.BK
87,BCT.BK
88,BDMS.BK
89,BE8.BK
90,BEAUTY.BK
91,BEC.BK
92,BEM.BK
93,BEYOND.BK
94,BFIT.BK
95,BGC.BK
96,BGRIM.BK
97,BGT.BK
98,BH.BK
99,BIG.BK
100,BIZ.BK
101,BJC.BK
102,BJCHI.BK
103,BKD.BK
104,BKI.BK
105,BKKCP.BK
106,BLA.BK
107,BLAND.BK
108,BLISS.BK
109,BM.BK
110,BOFFICE.BK
111,BOL.BK
112,BPP.BK
113,BR.BK
114,BROCK.BK
115,BROOK.BK
116,BRR.BK
117,BRRGIF.BK
118,BSBM.BK
119,BSM.BK
120,BTNC.BK
121,BTS.BK
122,BTSGIF.BK
123,BTW.BK
124,BUI.BK
125,BWG.BK
126,BYD.BK
127,CAZ.BK
128,CBG.BK
129,CCET.BK
130,CCP.BK
131,CEN.BK
132,CENTEL.BK
133,CFRESH.BK
134,CGD.BK
135,CGH.BK
136,CHARAN.BK
137,CHAYO.BK
138,CHEWA.BK
139,CHG.BK
140,CHO.BK
141,CHOTI.BK
142,CHOW.BK
143,CI.BK
144,CIG.BK
145,CIMBT.BK
146,CITY.BK
147,CK.BK
148,CKP.BK
149,CM.BK
150,CMAN.BK
151,CMC.BK
152,CMO.BK
153,CMR.BK
154,CNT.BK
155,COLOR.BK
156,COM7.BK
157,COMAN.BK
158,COTTO.BK
159,CPALL.BK
160,CPANEL.BK
161,CPF.BK
162,CPH.BK
163,CPI.BK
164,CPL.BK
165,CPN.BK
166,CPNCG.BK
167,CPNREIT.BK
168,CPR.BK
169,CPT.BK
170,CPTGF.BK
171,CPW.BK
172,CRANE.BK
173,CRC.BK
174,CRD.BK
175,CSC.BK
176,CSP.BK
177,CSR.BK
178,CSS.BK
179,CTARAF.BK
180,CTW.BK
181,CV.BK
182,CWT.BK
183,D.BK
184,DCC.BK
185,DCON.BK
186,DDD.BK
187,DELTA.BK
188,DEMCO.BK
189,DHOUSE.BK
190,DIF.BK
191,DIMET.BK
192,DITTO.BK
193,DMT.BK
194,DOD.BK
195,DOHOME.BK
196,DPAINT.BK
197,DREIT.BK
198,DRT.BK
199,DTAC.BK
200,DTCI.BK
201,DUSIT.BK
202,DV8.BK
203,EA.BK
204,EASON.BK
205,EASTW.BK
206,ECF.BK
207,ECL.BK
208,EE.BK
209,EFORL.BK
210,EGATIF.BK
211,EGCO.BK
212,EKH.BK
213,EMC.BK
214,EP.BK
215,EPG.BK
216,ERW.BK
217,ERWPF.BK
218,ESSO.BK
219,ESTAR.BK
220,ETC.BK
221,ETE.BK
222,EVER.BK
223,F&D.BK
224,FANCY.BK
225,FE.BK
226,FLOYD.BK
227,FMT.BK
228,FN.BK
229,FNS.BK
230,FORTH.BK
231,FPI.BK
232,FPT.BK
233,FSMART.BK
234,FSS.BK
235,FTE.BK
236,FTREIT.BK
237,FUTUREPF.BK
238,FVC.BK
239,GAHREIT.BK
240,GBX.BK
241,GC.BK
242,GCAP.BK
243,GEL.BK
244,GENCO.BK
245,GFPT.BK
246,GGC.BK
247,GIFT.BK
248,GJS.BK
249,GL.BK
250,GLAND.BK
251,GLOBAL.BK
252,GLOCON.BK
253,GLORY.BK
254,GPI.BK
255,GPSC.BK
256,GRAMMY.BK
257,GRAND.BK
258,GREEN.BK
259,GROREIT.BK
260,GSC.BK
261,GSTEEL.BK
262,GTB.BK
263,GULF.BK
264,GUNKUL.BK
265,GVREIT.BK
266,GYT.BK
267,HANA.BK
268,HARN.BK
269,HEMP.BK
270,HENG.BK
271,HFT.BK
272,HMPRO.BK
273,HPF.BK
274,HPT.BK
275,HREIT.BK
276,HTC.BK
277,HTECH.BK
278,HUMAN.BK
279,HYDRO.BK
280,ICC.BK
281,ICHI.BK
282,ICN.BK
283,IFEC.BK
284,IFS.BK
285,IHL.BK
286,IIG.BK
287,III.BK
288,ILINK.BK
289,ILM.BK
290,IMH.BK
291,IMPACT.BK
292,IND.BK
293,INET.BK
294,INETREIT.BK
295,INGRS.BK
296,INOX.BK
297,INSET.BK
298,INSURE.BK
299,INTUCH.BK
300,IP.BK
301,IRC.BK
302,IRCP.BK
303,IRPC.BK
304,IT.BK
305,ITD.BK
306,ITEL.BK
307,IVL.BK
308,J.BK
309,JAK.BK
310,JAS.BK
311,JASIF.BK
312,JCK.BK
313,JCKH.BK
314,JCT.BK
315,JKN.BK
316,JMART.BK
317,JMT.BK
318,JP.BK
319,JR.BK
320,JSP.BK
321,JTS.BK
322,JUBILE.BK
323,JUTHA.BK
324,JWD.BK
325,K.BK
326,KAMART.BK
327,KASET.BK
328,KBANK.BK
329,KBS.BK
330,KBSPIF.BK
331,KC.BK
332,KCAR.BK
333,KCE.BK
334,KCM.BK
335,KDH.BK
336,KEX.BK
337,KGI.BK
338,KIAT.BK
339,KISS.BK
340,KK.BK
341,KKC.BK
342,KKP.BK
343,KOOL.BK
344,KPNPF.BK
345,KSL.BK
346,KTB.BK
347,KTBSTMR.BK
348,KTC.BK
349,KTIS.BK
350,KUMWEL.BK
351,KUN.BK
352,KWC.BK
353,KWG.BK
354,KWM.BK
355,KYE.BK
356,L&E.BK
357,LALIN.BK
358,LANNA.BK
359,LDC.BK
360,LEE.BK
361,LEO.BK
362,LH.BK
363,LHFG.BK
364,LHHOTEL.BK
365,LHK.BK
366,LHPF.BK
367,LHSC.BK
368,LIT.BK
369,LOXLEY.BK
370,LPF.BK
371,LPH.BK
372,LPN.BK
373,LRH.BK
374,LST.BK
375,LUXF.BK
376,M.BK
377,M-CHAI.BK
378,M-II.BK
379,M-PAT.BK
380,M-STOR.BK
381,MACO.BK
382,MAJOR.BK
383,MAKRO.BK
384,MALEE.BK
385,MANRIN.BK
386,MATCH.BK
387,MATI.BK
388,MAX.BK
389,MBAX.BK
390,MBK.BK
391,MBKET.BK
392,MC.BK
393,MCOT.BK
394,MCS.BK
395,MDX.BK
396,MEGA.BK
397,MENA.BK
398,META.BK
399,METCO.BK
400,MFC.BK
401,MFEC.BK
402,MGT.BK
403,MICRO.BK
404,MIDA.BK
405,MILL.BK
406,MINT.BK
407,MIPF.BK
408,MIT.BK
409,MITSIB.BK
410,MJD.BK
411,MJLF.BK
412,MK.BK
413,ML.BK
414,MNIT.BK
415,MNIT2.BK
416,MNRF.BK
417,MODERN.BK
418,MONO.BK
419,MOONG.BK
420,MORE.BK
421,MPIC.BK
422,MSC.BK
423,MTC.BK
424,MTI.BK
425,MUD.BK
426,MVP.BK
427,NBC.BK
428,NC.BK
429,NCAP.BK
430,NCH.BK
431,NCL.BK
432,NDR.BK
433,NEP.BK
434,NER.BK
435,NETBAY.BK
436,NEW.BK
437,NEWS.BK
438,NEX.BK
439,NFC.BK
440,NINE.BK
441,NKI.BK
442,NMG.BK
443,NNCL.BK
444,NOBLE.BK
445,NOK.BK
446,NOVA.BK
447,NPK.BK
448,NRF.BK
449,NSI.BK
450,NSL.BK
451,NTV.BK
452,NUSA.BK
453,NVD.BK
454,NWR.BK
455,NYT.BK
456,OCC.BK
457,OCEAN.BK
458,OGC.BK
459,OHTL.BK
460,OISHI.BK
461,ONEE.BK
462,OR.BK
463,ORI.BK
464,OSP.BK
465,OTO.BK
466,PACE.BK
467,PACO.BK
468,PAE.BK
469,PAF.BK
470,PAP.BK
471,PATO.BK
472,PB.BK
473,PCSGH.BK
474,PDG.BK
475,PDJ.BK
476,PE.BK
477,PERM.BK
478,PF.BK
479,PG.BK
480,PHOL.BK
481,PICO.BK
482,PIMO.BK
483,PIN.BK
484,PJW.BK
485,PK.BK
486,PL.BK
487,PLANB.BK
488,PLANET.BK
489,PLAT.BK
490,PLE.BK
491,PM.BK
492,PMTA.BK
493,POLAR.BK
494,POPF.BK
495,PORT.BK
496,POST.BK
497,PPF.BK
498,PPM.BK
499,PPP.BK
500,PPPM.BK
501,PPS.BK
502,PR9.BK
503,PRAKIT.BK
504,PRAPAT.BK
505,PREB.BK
506,PRECHA.BK
507,PRG.BK
508,PRIME.BK
509,PRIN.BK
510,PRINC.BK
511,PRM.BK
512,PRO.BK
513,PROEN.BK
514,PROS.BK
515,PROSPECT.BK
516,PROUD.BK
517,PSG.BK
518,PSH.BK
519,PSL.BK
520,PSTC.BK
521,PT.BK
522,PTG.BK
523,PTL.BK
524,PTT.BK
525,PTTEP.BK
526,PTTGC.BK
527,PYLON.BK
528,Q-CON.BK
529,QH.BK
530,QHHR.BK
531,QHOP.BK
532,QHPF.BK
533,QLT.BK
534,QTC.BK
535,RAM.BK
536,RATCH.BK
537,RBF.BK
538,RCL.BK
539,RICHY.BK
540,RJH.BK
541,RML.BK
542,ROCK.BK
543,ROH.BK
544,ROJNA.BK
545,RP.BK
546,RPC.BK
547,RPH.BK
548,RS.BK
549,RSP.BK
550,RT.BK
551,RWI.BK
552,S.BK
553,S & J.BK
554,S11.BK
555,SA.BK
556,SAAM.BK
557,SABINA.BK
558,SABUY.BK
559,SAK.BK
560,SALEE.BK
561,SAM.BK
562,SAMART.BK
563,SAMCO.BK
564,SAMTEL.BK
565,SANKO.BK
566,SAPPE.BK
567,SAT.BK
568,SAUCE.BK
569,SAWAD.BK
570,SAWANG.BK
571,SC.BK
572,SCB.BK
573,SCC.BK
574,SCCC.BK
575,SCG.BK
576,SCGP.BK
577,SCI.BK
578,SCM.BK
579,SCN.BK
580,SCP.BK
581,SDC.BK
582,SE.BK
583,SE-ED.BK
584,SEAFCO.BK
585,SEAOIL.BK
586,SECURE.BK
587,SELIC.BK
588,SENA.BK
589,SF.BK
590,SFLEX.BK
591,SFP.BK
592,SFT.BK
593,SGF.BK
594,SGP.BK
595,SHANG.BK
596,SHR.BK
597,SHREIT.BK
598,SIAM.BK
599,SICT.BK
600,SIMAT.BK
601,SINGER.BK
602,SIRI.BK
603,SIRIP.BK
604,SIS.BK
605,SISB.BK
606,SITHAI.BK
607,SK.BK
608,SKE.BK
609,SKN.BK
610,SKR.BK
611,SKY.BK
612,SLM.BK
613,SLP.BK
614,SMART.BK
615,SMD.BK
616,SMIT.BK
617,SMK.BK
618,SMPC.BK
619,SMT.BK
620,SNC.BK
621,SNNP.BK
622,SNP.BK
623,SO.BK
624,SOLAR.BK
625,SONIC.BK
626,SORKON.BK
627,SPA.BK
628,SPACK.BK
629,SPALI.BK
630,SPC.BK
631,SPCG.BK
632,SPG.BK
633,SPI.BK
634,SPRC.BK
635,SPRIME.BK
636,SPVI.BK
637,SQ.BK
638,SR.BK
639,SRICHA.BK
640,SRIPANWA.BK
641,SSC.BK
642,SSF.BK
643,SSP.BK
644,SSPF.BK
645,SSSC.BK
646,SST.BK
647,SSTRT.BK
648,STA.BK
649,STANLY.BK
650,STAR.BK
651,STARK.BK
652,STC.BK
653,STEC.BK
654,STECH.BK
655,STGT.BK
656,STHAI.BK
657,STI.BK
658,STOWER.BK
659,STPI.BK
660,SUC.BK
661,SUN.BK
662,SUPER.BK
663,SUPEREIF.BK
664,SUSCO.BK
665,SUTHA.BK
666,SVH.BK
667,SVI.BK
668,SVOA.BK
669,SVT.BK
670,SWC.BK
671,SYMC.BK
672,SYNEX.BK
673,SYNTEC.BK
674,TACC.BK
675,TAE.BK
676,TAKUNI.BK
677,TAPAC.BK
678,TASCO.BK
679,TBSP.BK
680,TC.BK
681,TCAP.BK
682,TCC.BK
683,TCCC.BK
684,TCJ.BK
685,TCMC.BK
686,TCOAT.BK
687,TEAM.BK
688,TEAMG.BK
689,TFFIF.BK
690,TFG.BK
691,TFI.BK
692,TFM.BK
693,TFMAMA.BK
694,TGH.BK
695,TGPRO.BK
696,TH.BK
697,THAI.BK
698,THANA.BK
699,THANI.BK
700,THCOM.BK
701,THE.BK
702,THG.BK
703,THIP.BK
704,THL.BK
705,THMUI.BK
706,THRE.BK
707,THREL.BK
708,TIDLOR.BK
709,TIF1.BK
710,TIGER.BK
711,TIPCO.BK
712,TIPH.BK
713,TISCO.BK
714,TITLE.BK
715,TK.BK
716,TKN.BK
717,TKS.BK
718,TKT.BK
719,TLHPF.BK
720,TM.BK
721,TMC.BK
722,TMD.BK
723,TMI.BK
724,TMILL.BK
725,TMT.BK
726,TMW.BK
727,TNDT.BK
728,TNH.BK
729,TNITY.BK
730,TNL.BK
731,TNP.BK
732,TNPC.BK
733,TNPF.BK
734,TNR.BK
735,TOA.BK
736,TOG.BK
737,TOP.BK
738,TOPP.BK
739,TPA.BK
740,TPAC.BK
741,TPBI.BK
742,TPCH.BK
743,TPCS.BK
744,TPIPL.BK
745,TPIPP.BK
746,TPLAS.BK
747,TPOLY.BK
748,TPP.BK
749,TPRIME.BK
750,TPS.BK
751,TQM.BK
752,TQR.BK
753,TR.BK
754,TRC.BK
755,TRITN.BK
756,TRT.BK
757,TRU.BK
758,TRUBB.BK
759,TRUE.BK
760,TSC.BK
761,TSE.BK
762,TSF.BK
763,TSI.BK
764,TSR.BK
765,TSTE.BK
766,TSTH.BK
767,TTA.BK
768,TTB.BK
769,TTCL.BK
770,TTI.BK
771,TTLPF.BK
772,TTT.BK
773,TTW.BK
774,TU.BK
775,TU-PF.BK
776,TVD.BK
777,TVI.BK
778,TVO.BK
779,TVT.BK
780,TWP.BK
781,TWPC.BK
782,TWZ.BK
783,TYCN.BK
784,U.BK
785,UAC.BK
786,UBE.BK
787,UBIS.BK
788,UEC.BK
789,UKEM.BK
790,UMI.BK
791,UMS.BK
792,UNIQ.BK
793,UOBKH.BK
794,UP.BK
795,UPA.BK
796,UPF.BK
797,UPOIC.BK
798,URBNPF.BK
799,UREKA.BK
800,UT.BK
801,UTP.BK
802,UV.BK
803,UVAN.BK
804,VARO.BK
805,VCOM.BK
806,VGI.BK
807,VIBHA.BK
808,VIH.BK
809,VL.BK
810,VNG.BK
811,VNT.BK
812,VPO.BK
813,VRANDA.BK
814,W.BK
815,WACOAL.BK
816,WAVE.BK
817,WGE.BK
818,WHA.BK
819,WHABT.BK
820,WHART.BK
821,WHAUP.BK
822,WICE.BK
823,WIIK.BK
824,WIN.BK
825,WINMED.BK
826,WINNER.BK
827,WORK.BK
828,WP.BK
829,WPH.BK
830,XO.BK
831,XPG.BK
832,YGG.BK
833,YUASA.BK
834,ZEN.BK
835,ZIGA.BK
